"Sex","Exposure","Outcome","Covariates","Sample_Size","Standardised Beta","CI_lower","CI_upper","SE","P-value","Significant_covariates"
"MALE","log(IL-6)","Depression episodes","Fully Adjusted",2157,0.0830107202319601,-0.00343310025215484,0.170448180891654,0.0439227325968053,0.0587678397077669," "
"MALE","log(CRP)","Depression episodes","Fully Adjusted",2165,-0.0980277479255005,-0.205105553260687,0.00798255277025102,0.0539927079759143,0.0694357701712492," "
"FEMALE","log(IL-6)","Depression episodes","Fully Adjusted",2107,0.0556038313458119,-0.00715772948685389,0.118970863588934,0.0318644824338437,0.0809831782514973," "
"FEMALE","log(CRP)","Depression episodes","Fully Adjusted",2109,0.00991051342008396,-0.0520527803206219,0.0726043014465699,0.0324594463250676,0.760122555936704," "
