"Exposure","Outcome","Covariates","Sample_Size","Standardised Beta","CI_lower","CI_upper","SE","P-value","Significant_covariates"
"log(IL-6)","Depression episodes","Fully Adjusted",4264,0.0667995124464155,0.0159555430478766,0.117952403334036,0.0257644582280471,0.00952257783195897,"Sex1"
"log(CRP)","Depression episodes","Fully Adjusted",4274,-0.0226257652899035,-0.0763352442838231,0.0313809154236999,0.0279257285501131,0.417818240760585,"Sex1"
