"Exposure","Outcome","Covariates","Sample_Size","Standardised Beta","CI_lower","CI_upper","SE","P-value","Significant_covariates"
"log(IL-6)","Depression episodes","Base Model",4835,0.0662233511527182,0.0201444973548686,0.112576312632455,0.0236624686952317,0.00513141552102523,"Sex1"
"log(CRP)","Depression episodes","Base Model",4845,-0.0132380669265013,-0.0599090463613099,0.03369352296918,0.0242627437821506,0.58533202874542,"Sex1"
