"Sex","Exposure","Outcome","Covariates","Sample_Size","Standardised Beta","CI_lower","CI_upper","SE","P-value","Significant_covariates"
"MALE","log(IL-6)","PEs","Base Model",2337,0.0253537327792338,-0.109008749965697,0.1571092832974,0.066772063188289,0.704163890918704," "
"MALE","log(CRP)","PEs","Base Model",2345,-0.106091359610105,-0.261704782527937,0.0393485541848412,0.0786209466041646,0.177207482616489," "
"FEMALE","log(IL-6)","PEs","Base Model",2395,0.121467971110779,0.0175926421585007,0.226184588498902,0.052041670620554,0.0195929934982064,""
"FEMALE","log(CRP)","PEs","Base Model",2397,0.0335521200649057,-0.0659103264243286,0.133014658196681,0.0513938280816792,0.513857258657767," "
