"Exposure","Outcome","Covariates","Sample_Size","Standardised.Beta","CI_lower","CI_upper","SE","P.value","P_FDR_corrected","Significant_covariates"
"log(IL-6)","Depression episodes","Base Model",4835,0.0662233511527182,0.0201444973548686,0.112576312632455,0.0236624686952317,0.00513141552102523,0.0410513241682018,"Sex1"
"log(CRP)","Depression episodes","Base Model",4845,-0.0132380669265013,-0.0599090463613099,0.03369352296918,0.0242627437821506,0.58533202874542,0.780442704993893,"Sex1"
"DNAm IL-6 score (birth)","Depression episodes","Base Model",870,-0.0540535982938677,-0.159916545507329,0.0514822822144836,0.0529296688084709,0.307143400382601,0.614286800765202,"Sex1"
"DNAm CRP score (birth)","Depression episodes","Base Model",870,0.0701931755507327,-0.0354993878385716,0.176216616405962,0.053126067720544,0.186415769849764,0.497108719599371,"Sex1"
"DNAm IL-6 score (7 years)","Depression episodes","Base Model",870,0.0150503454502843,-0.0950928631650758,0.125313418240446,0.0553132393979268,0.785550508943792,0.897772010221476,"Sex1"
"DNAm CRP score (7 years)","Depression episodes","Base Model",870,0.0791324884702558,-0.0255747164666756,0.184251155753971,0.0537320665536386,0.140825550297809,0.497108719599371,"Sex1"
"CRP PRS (SBayesR)","Depression episodes","Base Model",6372,0.0000865037085285129,-0.0412551021443216,0.0414354344574767,0.0210604019234684,0.996722770074957,0.996722770074957,"Sex1; pc1; pc3"
"IL-6 PRS (SBayesR)","Depression episodes","Base Model",6372,0.0141534250204115,-0.0277276191497733,0.0560441401325267,0.0212368201380674,0.505119112416764,0.780442704993893,"Sex1; pc1; pc3"
