"Exposure","Outcome","Covariates","Sample_Size","Standardised Beta","CI_lower","CI_upper","SE","P-value","Significant_covariates"
"DNAm IL-6 score (birth)","PEs","Base Model",872,-0.00630289747210068,-0.201513086354124,0.189088184877979,0.0974561878426098,0.948433433912219,"Sex1"
"DNAm CRP score (birth)","PEs","Base Model",872,0.200504162557936,0.00732840003389366,0.397112631571858,0.0984409326926638,0.0416704235254378,"Sex1"
"DNAm IL-6 score (7 years)","PEs","Base Model",872,-0.0745748836560669,-0.270836301052998,0.120658158621932,0.100189830593414,0.456673312177137,"Sex1"
"DNAm CRP score (7 years)","PEs","Base Model",872,0.139942304540346,-0.0514358733351869,0.33357272450446,0.0980179210530536,0.15337200216884,"Sex1"
