"Sex","Exposure","Outcome","Covariates","Sample_Size","Standardised Beta","CI_lower","CI_upper","SE","P-value","Significant_covariates"
"MALE","DNAm IL-6 score (birth)","PEs","Base Model",432,0.305138204225458,0.0414933498316004,0.575581323809124,0.135953779666692,0.0248050022072338,""
"MALE","DNAm CRP score (birth)","PEs","Base Model",432,0.202189264978837,-0.067271836064298,0.474797553142877,0.135631943434784,0.136034995304565,"PC8_0"
"FEMALE","DNAm IL-6 score (birth)","PEs","Base Model",440,-0.20666891009974,-0.488416936656741,0.0693125297041293,0.135741993230056,0.127880662938368," "
"FEMALE","DNAm CRP score (birth)","PEs","Base Model",440,0.211750871680124,-0.0528416940444403,0.484140541366092,0.135551807521918,0.118255061803078,"PC6_0"
"MALE","DNAm IL-6 score (7 years)","PEs","Base Model",432,-0.00297525008849512,-0.276483082278867,0.272224459848332,0.138103713447618,0.982812029947681," "
"MALE","DNAm CRP score (7 years)","PEs","Base Model",432,-0.105475353596506,-0.345863511338569,0.135593122106735,0.122477431374092,0.389137837838351," "
"FEMALE","DNAm IL-6 score (7 years)","PEs","Base Model",440,-0.111134782078999,-0.386662560694854,0.162323400612954,0.142680289462383,0.436034063094738,"PC9_7"
"FEMALE","DNAm CRP score (7 years)","PEs","Base Model",440,0.336689330053525,0.0468712271592092,0.637701191039441,0.148592417711962,0.0234600740610281,"PC9_7"
