"Exposure","Outcome","Covariates","Sample_Size","Standardised Beta","CI_lower","CI_upper","SE","P-value","Significant_covariates"
"DNAm IL-6 score (birth)","Depression episodes","Fully Adjusted",829,-0.0327678120261347,-0.141706412760848,0.0759474730391386,0.0544269341386639,0.547139921993308,"Sex1"
"DNAm CRP score (birth)","Depression episodes","Fully Adjusted",829,0.0892876397351451,-0.0204459845973271,0.199533842042152,0.0545278011494271,0.101532297822707," "
"DNAm IL-6 score (7 years)","Depression episodes","Fully Adjusted",826,0.0124716382770859,-0.101186393756785,0.126264734452773,0.0570599718724524,0.826984475077449,"Sex1"
"DNAm CRP score (7 years)","Depression episodes","Fully Adjusted",826,0.0737248140900809,-0.0348373629476609,0.182696327030019,0.0556521595743878,0.185256374595738," "
