"Sex","Exposure","Outcome","Covariates","Sample_Size","Standardised Beta","CI_lower","CI_upper","SE","P-value","Significant_covariates"
"MALE","DNAm IL-6 score (birth)","PEs","Fully Adjusted (with cell estimates)",417,0.178377453778951,-0.17714101179617,0.527775779902189,0.179654639026196,0.320763131601384,"PC8_0"
"MALE","DNAm CRP score (birth)","PEs","Fully Adjusted (with cell estimates)",417,0.185332719248839,-0.0852227850680747,0.459621415213984,0.136150645813235,0.173440144737519,"PC8_0"
"FEMALE","DNAm IL-6 score (birth)","PEs","Fully Adjusted (with cell estimates)",414,-0.183621461652067,-0.471920831930001,0.098097297968486,0.138237745864858,0.184078389533622,"Maternal.education.at.birth1"
"FEMALE","DNAm CRP score (birth)","PEs","Fully Adjusted (with cell estimates)",414,0.193651822126838,-0.0775131175981252,0.47169996115915,0.138968394901188,0.163470028374099,"Maternal.education.at.birth1"
"MALE","DNAm IL-6 score (7 years)","PEs","Fully Adjusted (with cell estimates)",415,0.0137640908165453,-0.25951936991887,0.289007287165708,0.138314668904804,0.920731063233888," "
"MALE","DNAm CRP score (7 years)","PEs","Fully Adjusted (with cell estimates)",415,-0.0848509089151488,-0.334399510806588,0.1655789847005,0.12691787856937,0.503782771793788," "
"FEMALE","DNAm IL-6 score (7 years)","PEs","Fully Adjusted (with cell estimates)",413,-0.130900527623817,-0.423500657356281,0.158630458657409,0.146787169620494,0.37251573765501,"Maternal.education.at.birth1"
"FEMALE","DNAm CRP score (7 years)","PEs","Fully Adjusted (with cell estimates)",413,0.392039769372415,0.0905201269358777,0.706043695373721,0.152931612090479,0.0103623517208472,"BMI_age7; Maternal.education.at.birth1; PC2_7; PC9_7"
