"Exposure","Outcome","Covariates","Sample_Size","Standardised Beta","CI_lower","CI_upper","SE","P-value","Significant_covariates"
"DNAm IL-6 score (birth)","PEs","Fully Adjusted",831,0.000808527956750029,-0.197973184774628,0.199665991053974,0.0992256936899955,0.993498610985298,"Sex1"
"DNAm CRP score (birth)","PEs","Fully Adjusted",831,0.186976734874008,-0.0108276776319886,0.388120744241262,0.10072048086726,0.0633976476894132," "
"DNAm IL-6 score (7 years)","PEs","Fully Adjusted",828,-0.0501586165064176,-0.252141680590867,0.151056509187189,0.102565784620211,0.624814446815069,"Sex1"
"DNAm CRP score (7 years)","PEs","Fully Adjusted",828,0.190209740135321,-0.0084115001594747,0.391924521376674,0.100811046785259,0.0591879558027556," "
