"Sex","Exposure","Outcome","Covariates","Sample_Size","Standardised Beta","CI_lower","CI_upper","SE","P-value","Significant_covariates"
"MALE","DNAm IL-6 score (birth)","Depression episodes","Base Model",431,-0.0229881111099479,-0.197818376885062,0.151836972248468,0.0881523167359847,0.794264356183205,"PC6_0"
"MALE","DNAm CRP score (birth)","Depression episodes","Base Model",431,0.0670219450555859,-0.109408435318264,0.24429363700586,0.0890715978687334,0.451780344314171,"PC6_0"
"FEMALE","DNAm IL-6 score (birth)","Depression episodes","Base Model",439,-0.107682272298349,-0.243535351337987,0.0270889928647342,0.0658830962983882,0.10216552564349,"PC7_0"
"FEMALE","DNAm CRP score (birth)","Depression episodes","Base Model",439,0.0458567413779206,-0.0902376999854224,0.182237119425741,0.0657790943497094,0.485719906389198,"PC7_0"
"MALE","DNAm IL-6 score (7 years)","Depression episodes","Base Model",431,0.0790697722166358,-0.0988120228279364,0.258028178934467,0.0904495128645226,0.382016521298666," "
"MALE","DNAm CRP score (7 years)","Depression episodes","Base Model",431,0.0445860885002161,-0.117053879499786,0.206842081369636,0.0826363400691842,0.589510317795825," "
"FEMALE","DNAm IL-6 score (7 years)","Depression episodes","Base Model",439,-0.0298201739606418,-0.171837201472708,0.112027780913058,0.0697374286656555,0.668937672804903," "
"FEMALE","DNAm CRP score (7 years)","Depression episodes","Base Model",439,0.119244564405344,-0.0198625659856997,0.259216058454512,0.0714359494862688,0.0950675515785514," "
