"Exposure","Outcome","Covariates","Sample_Size","Standardised Beta","CI_lower","CI_upper","SE","P-value","Significant_covariates"
"DNAm IL-6 score (birth)","Depression episodes","Fully Adjusted (with cell estimates)",829,-0.0806974890769619,-0.230068389793712,0.0683695565015572,0.0761385323691923,0.289200501910703," "
"DNAm CRP score (birth)","Depression episodes","Fully Adjusted (with cell estimates)",829,0.101003291717848,-0.0234310208619207,0.225916407835156,0.0617583639976039,0.101952796728387," "
"DNAm IL-6 score (7 years)","Depression episodes","Fully Adjusted (with cell estimates)",826,0.0362405481746843,-0.134163725224302,0.20691228801766,0.0867698166897356,0.676193475534608,"Sex1; CD4T_F07"
"DNAm CRP score (7 years)","Depression episodes","Fully Adjusted (with cell estimates)",826,0.0781475128978487,-0.0456583802674648,0.202456605771471,0.0629753011603307,0.214634117500569,"Sex1"
