"Sex","Exposure","Outcome","Covariates","Sample_Size","Standardised Beta","CI_lower","CI_upper","SE","P-value","Significant_covariates"
"MALE","CRP PRS (SBayesR)","PEs","Base Model",3095,-0.00791560752557778,-0.120496690668811,0.10461967712956,0.0581382938397948,0.891701629484633," "
"FEMALE","CRP PRS (SBayesR)","PEs","Base Model",3306,-0.0148526731079771,-0.105016596727887,0.0752635080832197,0.0458062055244181,0.745748589330857,"pc3"
"MALE","IL-6 PRS (SBayesR)","PEs","Base Model",3095,0.00206460347439569,-0.111147980337125,0.115268621387119,0.0568454038333724,0.971027505643952," "
"FEMALE","IL-6 PRS (SBayesR)","PEs","Base Model",3306,0.0755008466079389,-0.0155404817671247,0.166867919611483,0.0468562617244494,0.107108064526824,"pc3"
