"Sex","Exposure","Outcome","Covariates","Sample_Size","Standardised Beta","CI_lower","CI_upper","SE","P-value","Significant_covariates"
"MALE","CRP PRS (SBayesR)","Depression episodes","Base Model",3097,-0.0497143378872501,-0.122580207374563,0.0230150936561136,0.0373679506208585,0.183386370222754," "
"FEMALE","CRP PRS (SBayesR)","Depression episodes","Base Model",3275,0.0308765491205184,-0.0192933619186564,0.0810992185104128,0.0254316477009541,0.224709755512094,"pc1; pc3"
"MALE","IL-6 PRS (SBayesR)","Depression episodes","Base Model",3097,-0.0144980027622726,-0.0879663339716673,0.0589521664828304,0.0365359922704295,0.691504433768752," "
"FEMALE","IL-6 PRS (SBayesR)","Depression episodes","Base Model",3275,0.0309403577489454,-0.0201457490894219,0.0820649755510446,0.0261541336909475,0.236808880832048,"pc1; pc3"
