"Exposure","Outcome","Covariates","Sample_Size","Standardised Beta","CI_lower","CI_upper","SE","P-value","Significant_covariates"
"CRP PRS (SBayesR)","Depression episodes","Base Model",6372,0.0000865037085285129,-0.0412551021443216,0.0414354344574767,0.0210604019234684,0.996722770074957,"Sex1; pc1; pc3"
"IL-6 PRS (SBayesR)","Depression episodes","Base Model",6372,0.0141534250204115,-0.0277276191497733,0.0560441401325267,0.0212368201380674,0.505119112416764,"Sex1; pc1; pc3"
