"Sex","Exposure","Outcome","Covariates","Sample_Size","Standardised Beta","CI_lower","CI_upper","SE","P-value","Significant_covariates"
"MALE","CRP PRS (SBayesR)","PEs","Fully Adjusted",2779,0.00340388347773395,-0.114557824451158,0.121366958935025,0.0605541435326963,0.955172737990135," "
"FEMALE","CRP PRS (SBayesR)","PEs","Fully Adjusted",2920,0.0106783929162167,-0.0849820563009304,0.106405151644525,0.0488996112040394,0.827137893458122,"pc3"
"MALE","IL-6 PRS (SBayesR)","PEs","Fully Adjusted",2779,0.00287942844618817,-0.114249262281968,0.120009632015894,0.0587767286418505,0.960927854877216," "
"FEMALE","IL-6 PRS (SBayesR)","PEs","Fully Adjusted",2920,0.0463809650471734,-0.0509269565492528,0.143924350062559,0.0500467500075883,0.354054903324043,"pc3"
