Exposure,Outcome,Covariates,Sample_Size,Standardised_Beta,CI_lower,CI_upper,SE,P.value,P_FDR_corrected
log(IL-6),dep_episodes,Fully_Adjusted,5009,0.0616093689095175,0.0140188562898175,0.109199881529217,0.0242808737855612,0.0112046985360903,0.0896375882887224
log(CRP),dep_episodes,Fully_Adjusted,5019,-0.0199381709542234,-0.0723652804049942,0.0324889384965474,0.0267485252299851,0.456084904706389,0.522043632417432
DNAm CRP score (birth),dep_episodes,Fully_Adjusted,877,0.0923816197394391,-0.026188648222162,0.21095188770104,0.0604950346742863,0.127109171046884,0.508436684187536
DNAm IL-6 score (birth),dep_episodes,Fully_Adjusted,877,-0.0679785492516272,-0.21433178664179,0.0783746881385357,0.0746700190766137,0.362880950479785,0.522043632417432
DNAm CRP score (7 years),dep_episodes,Fully_Adjusted,877,0.0764469309380516,-0.0437743191862861,0.196668181062389,0.0613373725124172,0.212995390131098,0.522043632417432
DNAm IL-6 score (7 years),dep_episodes,Fully_Adjusted,877,0.0680643648203437,-0.097364476750472,0.233493206391159,0.0844024701891917,0.420226166928555,0.522043632417432
IL-6 PRS (SBayesR),dep_episodes,Fully_Adjusted,7862,-0.00168271549629494,-0.0464984867274819,0.043133055734892,0.0228651894036668,0.941354575349401,0.941354575349401
CRP PRS (SBayesR),dep_episodes,Fully_Adjusted,7862,0.0158762711294059,-0.0259273907263026,0.0576799329851144,0.0213283989059737,0.456788178365253,0.522043632417432
