Exposure,Outcome,Covariates,Sample_Size,Standardised_Beta,SE,P-value
IL6_SBayesR,dep_episodes,Base_Model,7862,-0.00168498102860512,0.0228678482524753,0.94128260090243
IL6_SBayesR,dep_episodes,Fully_Adjusted,7862,-0.00168271549629494,0.0228651894036668,0.941354575349401
CRP_SBayesR,dep_episodes,Base_Model,7862,0.015817149538711,0.0212652532580026,0.457130294563702
CRP_SBayesR,dep_episodes,Fully_Adjusted,7862,0.0158762711294059,0.0213283989059737,0.456788178365253
IL6_SBayesR,PLE_total,Base_Model,7862,0.015150226132541,0.0348776752313526,0.664139107682754
IL6_SBayesR,PLE_total,Fully_Adjusted,7862,0.0165454538881955,0.0346036214253556,0.632685821811059
CRP_SBayesR,PLE_total,Base_Model,7862,0.0225441466295004,0.0351396921027257,0.521373325369967
CRP_SBayesR,PLE_total,Fully_Adjusted,7862,0.017020229129387,0.0350360485283573,0.627266485456124
